"title","image","price","url"
"TaCH Madrid Airport","https://cf.bstatic.com/xdata/images/hotel/square600/93516555.webp?k=fa905db83730b181ed35ab902e7f75cd58448448562e133bf6d4687e130fa2bd&o=&s=1","MAD 3 779","https://www.booking.com/hotel/es/tach-by-clementhoteles.fr.html?label=gen173nr-1BCAEoggI46AdIM1gEaIwBiAEBmAENuAEXyAEM2AEB6AEBiAIBqAIDuALqtpKiBsACAdICJDYyOTQzMjFjLTFhZmEtNDEwZS05ZTA0LTQ4MjdjMzM3YWJjOdgCBeACAQ&sid=fa3edb0416f578ce5595545b175cfea0&aid=304142&ucfs=1&arphpl=1&checkin=2023-04-27&checkout=2023-04-28&dest_id=-390625&dest_type=city&group_adults=2&req_adults=2&no_rooms=2&group_children=0&req_children=0&hpos=1&hapos=1&sr_order=popularity&srpvid=4fc41352794f0158&srepoch=1682217895&all_sr_blocks=1846915_335745809_0_2_0%2C1846915_335745809_0_2_0&highlighted_blocks=1846915_335745809_0_2_0%2C1846915_335745809_0_2_0&matching_block_id=1846915_335745809_0_2_0&sr_pri_blocks=1846915_335745809_0_2_0__16150%2C1846915_335745809_0_2_0__16150&from=searchresults#hotelTmpl"
"Generator Madrid","https://cf.bstatic.com/xdata/images/hotel/square600/208849917.webp?k=fad1a601a85dd266f74af3c13412164060794a693db853a0233d5938f993c4a2&o=&s=1","MAD 3 590","https://www.booking.com/hotel/es/generator-madrid.fr.html?label=gen173nr-1BCAEoggI46AdIM1gEaIwBiAEBmAENuAEXyAEM2AEB6AEBiAIBqAIDuALqtpKiBsACAdICJDYyOTQzMjFjLTFhZmEtNDEwZS05ZTA0LTQ4MjdjMzM3YWJjOdgCBeACAQ&sid=fa3edb0416f578ce5595545b175cfea0&aid=304142&ucfs=1&arphpl=1&checkin=2023-04-27&checkout=2023-04-28&dest_id=-390625&dest_type=city&group_adults=2&req_adults=2&no_rooms=2&group_children=0&req_children=0&hpos=2&hapos=2&sr_order=popularity&srpvid=4fc41352794f0158&srepoch=1682217895&all_sr_blocks=309284401_295842973_0_2_0%2C309284401_295842973_0_2_0&highlighted_blocks=309284401_295842973_0_2_0%2C309284401_295842973_0_2_0&matching_block_id=309284401_295842973_0_2_0&sr_pri_blocks=309284401_295842973_0_2_0__2380%2C309284401_295842973_0_2_0__2380&from_sustainable_property_sr=1&from=searchresults#hotelTmpl"
"Bluesock Hostels Madrid","https://cf.bstatic.com/xdata/images/hotel/square600/214405466.webp?k=269ee8456ba7fbe9f04b54ebeb6ed409b216429fac79e898ffee93bbc7a4df06&o=&s=1","MAD 3 590","https://www.booking.com/hotel/es/bluesock-hostels-madrid.fr.html?label=gen173nr-1BCAEoggI46AdIM1gEaIwBiAEBmAENuAEXyAEM2AEB6AEBiAIBqAIDuALqtpKiBsACAdICJDYyOTQzMjFjLTFhZmEtNDEwZS05ZTA0LTQ4MjdjMzM3YWJjOdgCBeACAQ&sid=fa3edb0416f578ce5595545b175cfea0&aid=304142&ucfs=1&arphpl=1&checkin=2023-04-27&checkout=2023-04-28&dest_id=-390625&dest_type=city&group_adults=2&req_adults=2&no_rooms=2&group_children=0&req_children=0&hpos=3&hapos=3&sr_order=popularity&srpvid=4fc41352794f0158&srepoch=1682217895&all_sr_blocks=359056106_351984197_0_2_0%2C359056106_351984197_0_2_0&highlighted_blocks=359056106_351984197_0_2_0%2C359056106_351984197_0_2_0&matching_block_id=359056106_351984197_0_2_0&sr_pri_blocks=359056106_351984197_0_2_0__2300%2C359056106_351984197_0_2_0__2300&from=searchresults#hotelTmpl"
"Cats Hostel Madrid Sol","https://cf.bstatic.com/xdata/images/hotel/square600/14091695.webp?k=581c88235c7d73412e52940cf016b5362b93a5b8dacc67992daaccb4d1d30dde&o=&s=1","MAD 529","https://www.booking.com/hotel/es/cata-s-hostel.fr.html?label=gen173nr-1BCAEoggI46AdIM1gEaIwBiAEBmAENuAEXyAEM2AEB6AEBiAIBqAIDuALqtpKiBsACAdICJDYyOTQzMjFjLTFhZmEtNDEwZS05ZTA0LTQ4MjdjMzM3YWJjOdgCBeACAQ&sid=fa3edb0416f578ce5595545b175cfea0&aid=304142&ucfs=1&arphpl=1&checkin=2023-04-27&checkout=2023-04-28&dest_id=-390625&dest_type=city&group_adults=2&req_adults=2&no_rooms=2&group_children=0&req_children=0&hpos=4&hapos=4&sr_order=popularity&srpvid=4fc41352794f0158&srepoch=1682217895&all_sr_blocks=34389307_184348256_0_2_0%2C34389307_184348256_0_2_0&highlighted_blocks=34389307_184348256_0_2_0%2C34389307_184348256_0_2_0&matching_block_id=34389307_184348256_0_2_0&sr_pri_blocks=34389307_184348256_0_2_0__1980%2C34389307_184348256_0_2_0__1980&from=searchresults#hotelTmpl"
"Far Home Atocha","https://cf.bstatic.com/xdata/images/hotel/square600/61268901.webp?k=838bf92136e5af0b6a230a45069f70e20422cbfd328e3467407529848423c5a1&o=&s=1","MAD 731","https://www.booking.com/hotel/es/no-name-city-hostel.fr.html?label=gen173nr-1BCAEoggI46AdIM1gEaIwBiAEBmAENuAEXyAEM2AEB6AEBiAIBqAIDuALqtpKiBsACAdICJDYyOTQzMjFjLTFhZmEtNDEwZS05ZTA0LTQ4MjdjMzM3YWJjOdgCBeACAQ&sid=fa3edb0416f578ce5595545b175cfea0&aid=304142&ucfs=1&arphpl=1&checkin=2023-04-27&checkout=2023-04-28&dest_id=-390625&dest_type=city&group_adults=2&req_adults=2&no_rooms=2&group_children=0&req_children=0&hpos=5&hapos=5&sr_order=popularity&srpvid=4fc41352794f0158&srepoch=1682217895&all_sr_blocks=35645204_370425974_0_2_0%2C35645204_370425974_0_2_0&highlighted_blocks=35645204_370425974_0_2_0%2C35645204_370425974_0_2_0&matching_block_id=35645204_370425974_0_2_0&sr_pri_blocks=35645204_370425974_0_2_0__2700%2C35645204_370425974_0_2_0__2700&from_sustainable_property_sr=1&from=searchresults#hotelTmpl"
"Toc Hostel Madrid","https://cf.bstatic.com/xdata/images/hotel/square600/30593698.webp?k=aea228b11e3bc2670a031dc2a9cf8d56e533b1cf5fde0e7d6f5902415dfb29db&o=&s=1","MAD 511","https://www.booking.com/hotel/es/toc-hostel-madrid.fr.html?label=gen173nr-1BCAEoggI46AdIM1gEaIwBiAEBmAENuAEXyAEM2AEB6AEBiAIBqAIDuALqtpKiBsACAdICJDYyOTQzMjFjLTFhZmEtNDEwZS05ZTA0LTQ4MjdjMzM3YWJjOdgCBeACAQ&sid=fa3edb0416f578ce5595545b175cfea0&aid=304142&ucfs=1&arphpl=1&checkin=2023-04-27&checkout=2023-04-28&dest_id=-390625&dest_type=city&group_adults=2&req_adults=2&no_rooms=2&group_children=0&req_children=0&hpos=6&hapos=6&sr_order=popularity&srpvid=4fc41352794f0158&srepoch=1682217895&all_sr_blocks=105886308_368781229_0_2_0%2C105886308_368781229_0_2_0&highlighted_blocks=105886308_368781229_0_2_0%2C105886308_368781229_0_2_0&matching_block_id=105886308_368781229_0_2_0&sr_pri_blocks=105886308_368781229_0_2_0__3400%2C105886308_368781229_0_2_0__3400&from=searchresults#hotelTmpl"
"Arc House Madrid - Puerta del Sol Only Adults","https://cf.bstatic.com/xdata/images/hotel/square600/268586596.webp?k=4ef031815034693812ad7131a2c8a9a7b93b3e63f9a5d4d77fa55e76abcc152d&o=&s=1","MAD 511","https://www.booking.com/hotel/es/arc-house-madrid.fr.html?label=gen173nr-1BCAEoggI46AdIM1gEaIwBiAEBmAENuAEXyAEM2AEB6AEBiAIBqAIDuALqtpKiBsACAdICJDYyOTQzMjFjLTFhZmEtNDEwZS05ZTA0LTQ4MjdjMzM3YWJjOdgCBeACAQ&sid=fa3edb0416f578ce5595545b175cfea0&aid=304142&ucfs=1&arphpl=1&checkin=2023-04-27&checkout=2023-04-28&dest_id=-390625&dest_type=city&group_adults=2&req_adults=2&no_rooms=2&group_children=0&req_children=0&hpos=7&hapos=7&sr_order=popularity&srpvid=4fc41352794f0158&srepoch=1682217895&all_sr_blocks=664155901_354839896_1_0_0%2C664155901_354839896_1_0_0&highlighted_blocks=664155901_354839896_1_0_0%2C664155901_354839896_1_0_0&matching_block_id=664155901_354839896_1_0_0&sr_pri_blocks=664155901_354839896_1_0_0__1581%2C664155901_354839896_1_0_0__1581&from=searchresults#hotelTmpl"
"Safestay Madrid Central","https://cf.bstatic.com/xdata/images/hotel/square600/199499558.webp?k=6e096a82381d2e8856d883abbf3dc5d8d53c75e005cb56f6db66e213a2e54896&o=&s=1","MAD 440","https://www.booking.com/hotel/es/safestay-madrid.fr.html?label=gen173nr-1BCAEoggI46AdIM1gEaIwBiAEBmAENuAEXyAEM2AEB6AEBiAIBqAIDuALqtpKiBsACAdICJDYyOTQzMjFjLTFhZmEtNDEwZS05ZTA0LTQ4MjdjMzM3YWJjOdgCBeACAQ&sid=fa3edb0416f578ce5595545b175cfea0&aid=304142&ucfs=1&arphpl=1&checkin=2023-04-27&checkout=2023-04-28&dest_id=-390625&dest_type=city&group_adults=2&req_adults=2&no_rooms=2&group_children=0&req_children=0&hpos=8&hapos=8&sr_order=popularity&srpvid=4fc41352794f0158&srepoch=1682217895&all_sr_blocks=42054012_102339676_1_0_0%2C42054012_102339676_1_0_0&highlighted_blocks=42054012_102339676_1_0_0%2C42054012_102339676_1_0_0&matching_block_id=42054012_102339676_1_0_0&sr_pri_blocks=42054012_102339676_1_0_0__1700%2C42054012_102339676_1_0_0__1700&from=searchresults#hotelTmpl"
"Far Home Bernabeu","https://cf.bstatic.com/xdata/images/hotel/square600/246160089.webp?k=96d41fc615e1dd5d3484cbe6ffdecf56c4bb55a223648b662be0eca8f7834696&o=&s=1","MAD 600","https://www.booking.com/hotel/es/far-home-bernabeu.fr.html?label=gen173nr-1BCAEoggI46AdIM1gEaIwBiAEBmAENuAEXyAEM2AEB6AEBiAIBqAIDuALqtpKiBsACAdICJDYyOTQzMjFjLTFhZmEtNDEwZS05ZTA0LTQ4MjdjMzM3YWJjOdgCBeACAQ&sid=fa3edb0416f578ce5595545b175cfea0&aid=304142&ucfs=1&arphpl=1&checkin=2023-04-27&checkout=2023-04-28&dest_id=-390625&dest_type=city&group_adults=2&req_adults=2&no_rooms=2&group_children=0&req_children=0&hpos=9&hapos=9&sr_order=popularity&srpvid=4fc41352794f0158&srepoch=1682217895&all_sr_blocks=278997809_367676541_0_2_0%2C278997809_367676541_0_2_0&highlighted_blocks=278997809_367676541_0_2_0%2C278997809_367676541_0_2_0&matching_block_id=278997809_367676541_0_2_0&sr_pri_blocks=278997809_367676541_0_2_0__3500%2C278997809_367676541_0_2_0__3500&from_sustainable_property_sr=1&from=searchresults#hotelTmpl"
"Bastardo Hostel","https://cf.bstatic.com/xdata/images/hotel/square600/140286633.webp?k=35351c42de33366d2e87853725ebfd92f6518ecf2c69fd419654074300e0625c&o=&s=1","MAD 756","https://www.booking.com/hotel/es/bastardo-hostel.fr.html?label=gen173nr-1BCAEoggI46AdIM1gEaIwBiAEBmAENuAEXyAEM2AEB6AEBiAIBqAIDuALqtpKiBsACAdICJDYyOTQzMjFjLTFhZmEtNDEwZS05ZTA0LTQ4MjdjMzM3YWJjOdgCBeACAQ&sid=fa3edb0416f578ce5595545b175cfea0&aid=304142&ucfs=1&arphpl=1&checkin=2023-04-27&checkout=2023-04-28&dest_id=-390625&dest_type=city&group_adults=2&req_adults=2&no_rooms=2&group_children=0&req_children=0&hpos=10&hapos=10&sr_order=popularity&srpvid=4fc41352794f0158&srepoch=1682217895&all_sr_blocks=312133701_355146323_0_2_0%2C312133701_355146323_0_2_0&highlighted_blocks=312133701_355146323_0_2_0%2C312133701_355146323_0_2_0&matching_block_id=312133701_355146323_0_2_0&sr_pri_blocks=312133701_355146323_0_2_0__3797%2C312133701_355146323_0_2_0__3797&from_sustainable_property_sr=1&from=searchresults#hotelTmpl"
"Hostels Meetingpoint","https://cf.bstatic.com/xdata/images/hotel/square600/59819260.webp?k=7c100a3fd8b66b6a8f48f26f0464e66b6c7a0ce5f8dde8d2693d39e35896f9b2&o=&s=1","MAD 351","https://www.booking.com/hotel/es/meetingpoint.fr.html?label=gen173nr-1BCAEoggI46AdIM1gEaIwBiAEBmAENuAEXyAEM2AEB6AEBiAIBqAIDuALqtpKiBsACAdICJDYyOTQzMjFjLTFhZmEtNDEwZS05ZTA0LTQ4MjdjMzM3YWJjOdgCBeACAQ&sid=fa3edb0416f578ce5595545b175cfea0&aid=304142&ucfs=1&arphpl=1&checkin=2023-04-27&checkout=2023-04-28&dest_id=-390625&dest_type=city&group_adults=2&req_adults=2&no_rooms=2&group_children=0&req_children=0&hpos=11&hapos=11&sr_order=popularity&srpvid=4fc41352794f0158&srepoch=1682217895&all_sr_blocks=37127304_370055648_0_0_0%2C37127308_370055648_0_0_0&highlighted_blocks=37127304_370055648_0_0_0%2C37127308_370055648_0_0_0&matching_block_id=37127304_370055648_0_0_0&sr_pri_blocks=37127304_370055648_0_0_0__2000%2C37127308_370055648_0_0_0__2400&from=searchresults#hotelTmpl"
"The Central House Madrid Lavapiés","https://cf.bstatic.com/xdata/images/hotel/square600/294410190.webp?k=ef853014c6b9b99389465f6425b7fdad1147c79bcb6d62a71054de64626591c1&o=&s=1","MAD 378","https://www.booking.com/hotel/es/the-central-house-lavapies.fr.html?label=gen173nr-1BCAEoggI46AdIM1gEaIwBiAEBmAENuAEXyAEM2AEB6AEBiAIBqAIDuALqtpKiBsACAdICJDYyOTQzMjFjLTFhZmEtNDEwZS05ZTA0LTQ4MjdjMzM3YWJjOdgCBeACAQ&sid=fa3edb0416f578ce5595545b175cfea0&aid=304142&ucfs=1&arphpl=1&checkin=2023-04-27&checkout=2023-04-28&dest_id=-390625&dest_type=city&group_adults=2&req_adults=2&no_rooms=2&group_children=0&req_children=0&hpos=12&hapos=12&sr_order=popularity&srpvid=4fc41352794f0158&srepoch=1682217895&all_sr_blocks=596685401_365581466_1_2_0%2C596685401_365581466_1_2_0&highlighted_blocks=596685401_365581466_1_2_0%2C596685401_365581466_1_2_0&matching_block_id=596685401_365581466_1_2_0&sr_pri_blocks=596685401_365581466_1_2_0__2600%2C596685401_365581466_1_2_0__2600&from_sustainable_property_sr=1&from=searchresults#hotelTmpl"
"Hostel Best Stay","https://cf.bstatic.com/xdata/images/hotel/square600/444941999.webp?k=6a2a06ec97c3d2b4fd357859d68e3ce86b5f5d37afee189ec1a9270d073488ee&o=&s=1","MAD 778","https://www.booking.com/hotel/es/albergue-best-stay.fr.html?label=gen173nr-1BCAEoggI46AdIM1gEaIwBiAEBmAENuAEXyAEM2AEB6AEBiAIBqAIDuALqtpKiBsACAdICJDYyOTQzMjFjLTFhZmEtNDEwZS05ZTA0LTQ4MjdjMzM3YWJjOdgCBeACAQ&sid=fa3edb0416f578ce5595545b175cfea0&aid=304142&ucfs=1&arphpl=1&checkin=2023-04-27&checkout=2023-04-28&dest_id=-390625&dest_type=city&group_adults=2&req_adults=2&no_rooms=2&group_children=0&req_children=0&hpos=13&hapos=13&sr_order=popularity&srpvid=4fc41352794f0158&srepoch=1682217895&all_sr_blocks=983474401_370781200_0_0_0%2C983474401_370781200_0_0_0&highlighted_blocks=983474401_370781200_0_0_0%2C983474401_370781200_0_0_0&matching_block_id=983474401_370781200_0_0_0&sr_pri_blocks=983474401_370781200_0_0_0__2400%2C983474401_370781200_0_0_0__2400&from_sustainable_property_sr=1&from=searchresults#hotelTmpl"
"HOSTAL LA ESTACION TERRAZAS","https://cf.bstatic.com/xdata/images/hotel/square600/444784758.webp?k=2a4ab9324a6be2af4bd22aebad3f45f15d3bd60ae41ab1f23ff88fd72c155145&o=&s=1","MAD 844","https://www.booking.com/hotel/es/hostal-la-estacion-terrazas.fr.html?label=gen173nr-1BCAEoggI46AdIM1gEaIwBiAEBmAENuAEXyAEM2AEB6AEBiAIBqAIDuALqtpKiBsACAdICJDYyOTQzMjFjLTFhZmEtNDEwZS05ZTA0LTQ4MjdjMzM3YWJjOdgCBeACAQ&sid=fa3edb0416f578ce5595545b175cfea0&aid=304142&ucfs=1&arphpl=1&checkin=2023-04-27&checkout=2023-04-28&dest_id=-390625&dest_type=city&group_adults=2&req_adults=2&no_rooms=2&group_children=0&req_children=0&hpos=14&hapos=14&sr_order=popularity&srpvid=4fc41352794f0158&srepoch=1682217895&all_sr_blocks=983666709_370796224_1_0_0%2C983666701_370796224_1_0_0&highlighted_blocks=983666709_370796224_1_0_0%2C983666701_370796224_1_0_0&matching_block_id=983666709_370796224_1_0_0&sr_pri_blocks=983666709_370796224_1_0_0__8460%2C983666701_370796224_1_0_0__9900&from=searchresults#hotelTmpl"
"Axel Hotel Madrid - Adults Only","https://cf.bstatic.com/xdata/images/hotel/square600/269377457.webp?k=36c1998bdae09a9a25b06decb4aed97d29a57e341cf2e769a1b6e1abd5b46fae&o=&s=1","MAD 489","https://www.booking.com/hotel/es/axel-madrid-madrid12345678.fr.html?label=gen173nr-1BCAEoggI46AdIM1gEaIwBiAEBmAENuAEXyAEM2AEB6AEBiAIBqAIDuALqtpKiBsACAdICJDYyOTQzMjFjLTFhZmEtNDEwZS05ZTA0LTQ4MjdjMzM3YWJjOdgCBeACAQ&sid=fa3edb0416f578ce5595545b175cfea0&aid=304142&ucfs=1&arphpl=1&checkin=2023-04-27&checkout=2023-04-28&dest_id=-390625&dest_type=city&group_adults=2&req_adults=2&no_rooms=2&group_children=0&req_children=0&hpos=15&hapos=15&sr_order=popularity&srpvid=4fc41352794f0158&srepoch=1682217895&all_sr_blocks=243898501_260229424_1_1_0%2C243898501_260229424_1_1_0&highlighted_blocks=243898501_260229424_1_1_0%2C243898501_260229424_1_1_0&matching_block_id=243898501_260229424_1_1_0&sr_pri_blocks=243898501_260229424_1_1_0__21400%2C243898501_260229424_1_1_0__21400&from_sustainable_property_sr=1&from=searchresults#hotelTmpl"
"Senator Barajas","https://cf.bstatic.com/xdata/images/hotel/square600/110812706.webp?k=d4571ac82fda81e4526c7dcb16c2297337939785acb7c5fbc6c406f84a538e63&o=&s=1","MAD 578","https://www.booking.com/hotel/es/senator-barajas.fr.html?label=gen173nr-1BCAEoggI46AdIM1gEaIwBiAEBmAENuAEXyAEM2AEB6AEBiAIBqAIDuALqtpKiBsACAdICJDYyOTQzMjFjLTFhZmEtNDEwZS05ZTA0LTQ4MjdjMzM3YWJjOdgCBeACAQ&sid=fa3edb0416f578ce5595545b175cfea0&aid=304142&ucfs=1&arphpl=1&checkin=2023-04-27&checkout=2023-04-28&dest_id=-390625&dest_type=city&group_adults=2&req_adults=2&no_rooms=2&group_children=0&req_children=0&hpos=16&hapos=16&sr_order=popularity&srpvid=4fc41352794f0158&srepoch=1682217895&all_sr_blocks=9171913_185612883_0_2_0%2C9171913_185612883_0_2_0&highlighted_blocks=9171913_185612883_0_2_0%2C9171913_185612883_0_2_0&matching_block_id=9171913_185612883_0_2_0&sr_pri_blocks=9171913_185612883_0_2_0__10800%2C9171913_185612883_0_2_0__10800&from_sustainable_property_sr=1&from=searchresults#hotelTmpl"
"Ibis Budget Madrid Centro Las Ventas","https://cf.bstatic.com/xdata/images/hotel/square600/248239083.webp?k=e1a48cb3ce6e32fee4072ed0172aeb634266920bad11820cc18bc44cbc53da15&o=&s=1","MAD 667","https://www.booking.com/hotel/es/ibis-budget-madrid-centro-las-ventas.fr.html?label=gen173nr-1BCAEoggI46AdIM1gEaIwBiAEBmAENuAEXyAEM2AEB6AEBiAIBqAIDuALqtpKiBsACAdICJDYyOTQzMjFjLTFhZmEtNDEwZS05ZTA0LTQ4MjdjMzM3YWJjOdgCBeACAQ&sid=fa3edb0416f578ce5595545b175cfea0&aid=304142&ucfs=1&arphpl=1&checkin=2023-04-27&checkout=2023-04-28&dest_id=-390625&dest_type=city&group_adults=2&req_adults=2&no_rooms=2&group_children=0&req_children=0&hpos=17&hapos=17&sr_order=popularity&srpvid=4fc41352794f0158&srepoch=1682217895&all_sr_blocks=73403801_246120415_1_1_0%2C73403801_246120415_1_1_0&highlighted_blocks=73403801_246120415_1_1_0%2C73403801_246120415_1_1_0&matching_block_id=73403801_246120415_1_1_0&sr_pri_blocks=73403801_246120415_1_1_0__8590%2C73403801_246120415_1_1_0__8590&from_sustainable_property_sr=1&from=searchresults#hotelTmpl"
"Caballero Errante","https://cf.bstatic.com/xdata/images/hotel/square600/412599355.webp?k=608baa75c54442bd78acb94311625cb64f0c9b4b7dc12a03b8f260c8f8aef17e&o=&s=1","MAD 534","https://www.booking.com/hotel/es/hotelcaballeroerrante.fr.html?label=gen173nr-1BCAEoggI46AdIM1gEaIwBiAEBmAENuAEXyAEM2AEB6AEBiAIBqAIDuALqtpKiBsACAdICJDYyOTQzMjFjLTFhZmEtNDEwZS05ZTA0LTQ4MjdjMzM3YWJjOdgCBeACAQ&sid=fa3edb0416f578ce5595545b175cfea0&aid=304142&ucfs=1&arphpl=1&checkin=2023-04-27&checkout=2023-04-28&dest_id=-390625&dest_type=city&group_adults=2&req_adults=2&no_rooms=2&group_children=0&req_children=0&hpos=18&hapos=18&sr_order=popularity&srpvid=4fc41352794f0158&srepoch=1682217895&all_sr_blocks=9175112_334137638_0_0_0%2C9175112_334137638_0_0_0&highlighted_blocks=9175112_334137638_0_0_0%2C9175112_334137638_0_0_0&matching_block_id=9175112_334137638_0_0_0&sr_pri_blocks=9175112_334137638_0_0_0__9000%2C9175112_334137638_0_0_0__9000&from=searchresults#hotelTmpl"
"Hostel Napoles","https://cf.bstatic.com/xdata/images/hotel/square600/333345972.webp?k=f14deeba2814c765c254b287e67f56918f6d9a967b4aad34b8ef5cb40151682a&o=&s=1","MAD 534","https://www.booking.com/hotel/es/hostel-napoles.fr.html?label=gen173nr-1BCAEoggI46AdIM1gEaIwBiAEBmAENuAEXyAEM2AEB6AEBiAIBqAIDuALqtpKiBsACAdICJDYyOTQzMjFjLTFhZmEtNDEwZS05ZTA0LTQ4MjdjMzM3YWJjOdgCBeACAQ&sid=fa3edb0416f578ce5595545b175cfea0&aid=304142&ucfs=1&arphpl=1&checkin=2023-04-27&checkout=2023-04-28&dest_id=-390625&dest_type=city&group_adults=2&req_adults=2&no_rooms=2&group_children=0&req_children=0&hpos=19&hapos=19&sr_order=popularity&srpvid=4fc41352794f0158&srepoch=1682217895&all_sr_blocks=789764001_338663639_1_0_0%2C789764001_338663639_1_0_0&highlighted_blocks=789764001_338663639_1_0_0%2C789764001_338663639_1_0_0&matching_block_id=789764001_338663639_1_0_0&sr_pri_blocks=789764001_338663639_1_0_0__1035%2C789764001_338663639_1_0_0__1035&from=searchresults#hotelTmpl"
"Erase un Hotel","https://cf.bstatic.com/xdata/images/hotel/square600/250175147.webp?k=f92e1e1b974e8187d814665ed0735d035ca332fbe940b53932b27f2b29bde8d6&o=&s=1","MAD 2 041","https://www.booking.com/hotel/es/eraseunhotel.fr.html?label=gen173nr-1BCAEoggI46AdIM1gEaIwBiAEBmAENuAEXyAEM2AEB6AEBiAIBqAIDuALqtpKiBsACAdICJDYyOTQzMjFjLTFhZmEtNDEwZS05ZTA0LTQ4MjdjMzM3YWJjOdgCBeACAQ&sid=fa3edb0416f578ce5595545b175cfea0&aid=304142&ucfs=1&arphpl=1&checkin=2023-04-27&checkout=2023-04-28&dest_id=-390625&dest_type=city&group_adults=2&req_adults=2&no_rooms=2&group_children=0&req_children=0&hpos=20&hapos=20&sr_order=popularity&srpvid=4fc41352794f0158&srepoch=1682217895&all_sr_blocks=9066614_199326167_1_2_0%2C9066614_199326167_1_2_0&highlighted_blocks=9066614_199326167_1_2_0%2C9066614_199326167_1_2_0&matching_block_id=9066614_199326167_1_2_0&sr_pri_blocks=9066614_199326167_1_2_0__9500%2C9066614_199326167_1_2_0__9500&from=searchresults#hotelTmpl"
"Social - Suites & Coliving - Madrid","https://cf.bstatic.com/xdata/images/hotel/square600/450481691.webp?k=f24919f61d0206316c0d8f2a9e0513b9f6052db8b0d9428d3fe519d7c2b7f4b0&o=&s=1","MAD 4 758","https://www.booking.com/hotel/es/social-coworking-hostel-madrid.fr.html?label=gen173nr-1BCAEoggI46AdIM1gEaIwBiAEBmAENuAEXyAEM2AEB6AEBiAIBqAIDuALqtpKiBsACAdICJDYyOTQzMjFjLTFhZmEtNDEwZS05ZTA0LTQ4MjdjMzM3YWJjOdgCBeACAQ&sid=fa3edb0416f578ce5595545b175cfea0&aid=304142&ucfs=1&arphpl=1&checkin=2023-04-27&checkout=2023-04-28&dest_id=-390625&dest_type=city&group_adults=2&req_adults=2&no_rooms=2&group_children=0&req_children=0&hpos=21&hapos=21&sr_order=popularity&srpvid=4fc41352794f0158&srepoch=1682217895&all_sr_blocks=799197611_361608768_1_0_0%2C799197611_361608768_1_0_0&highlighted_blocks=799197611_361608768_1_0_0%2C799197611_361608768_1_0_0&matching_block_id=799197611_361608768_1_0_0&sr_pri_blocks=799197611_361608768_1_0_0__2500%2C799197611_361608768_1_0_0__2500&from_sustainable_property_sr=1&from=searchresults#hotelTmpl"
"Woohoo Hostal Madrid","https://cf.bstatic.com/xdata/images/hotel/square600/54183278.webp?k=0762b0d0ee923030abc346930971e25b41876c05b6dd176413733a599a15c720&o=&s=1","MAD 3 001","https://www.booking.com/hotel/es/hostal-concepcion-arenal.fr.html?label=gen173nr-1BCAEoggI46AdIM1gEaIwBiAEBmAENuAEXyAEM2AEB6AEBiAIBqAIDuALqtpKiBsACAdICJDYyOTQzMjFjLTFhZmEtNDEwZS05ZTA0LTQ4MjdjMzM3YWJjOdgCBeACAQ&sid=fa3edb0416f578ce5595545b175cfea0&aid=304142&ucfs=1&arphpl=1&checkin=2023-04-27&checkout=2023-04-28&dest_id=-390625&dest_type=city&group_adults=2&req_adults=2&no_rooms=2&group_children=0&req_children=0&hpos=22&hapos=22&sr_order=popularity&srpvid=4fc41352794f0158&srepoch=1682217895&all_sr_blocks=1592510_338267982_0_0_0%2C1592509_338267982_0_0_0&highlighted_blocks=1592510_338267982_0_0_0%2C1592509_338267982_0_0_0&matching_block_id=1592510_338267982_0_0_0&sr_pri_blocks=1592510_338267982_0_0_0__2800%2C1592509_338267982_0_0_0__3000&from=searchresults#hotelTmpl"
"Hostel Thirty One 31","https://cf.bstatic.com/xdata/images/hotel/square600/422023947.webp?k=bdcc7258f9b1861d6ad85b68bf0f0b639d45981a48bbd24b9b6479ee6e596f73&o=&s=1","MAD 2 401","https://www.booking.com/hotel/es/hostel-thirty-one-31.fr.html?label=gen173nr-1BCAEoggI46AdIM1gEaIwBiAEBmAENuAEXyAEM2AEB6AEBiAIBqAIDuALqtpKiBsACAdICJDYyOTQzMjFjLTFhZmEtNDEwZS05ZTA0LTQ4MjdjMzM3YWJjOdgCBeACAQ&sid=fa3edb0416f578ce5595545b175cfea0&aid=304142&ucfs=1&arphpl=1&checkin=2023-04-27&checkout=2023-04-28&dest_id=-390625&dest_type=city&group_adults=2&req_adults=2&no_rooms=2&group_children=0&req_children=0&hpos=23&hapos=23&sr_order=popularity&srpvid=4fc41352794f0158&srepoch=1682217895&all_sr_blocks=951181201_367732366_1_0_0%2C951181201_367732366_1_0_0&highlighted_blocks=951181201_367732366_1_0_0%2C951181201_367732366_1_0_0&matching_block_id=951181201_367732366_1_0_0&sr_pri_blocks=951181201_367732366_1_0_0__1035%2C951181201_367732366_1_0_0__1035&from=searchresults#hotelTmpl"
"Mola Hostel","https://cf.bstatic.com/xdata/images/hotel/square600/72870026.webp?k=dbb4c5abd856b474ac501838a22c38a3d8d0895ca3ea7f376a38cf45504ce09a&o=&s=1","MAD 2 401","https://www.booking.com/hotel/es/mola-hostel.fr.html?label=gen173nr-1BCAEoggI46AdIM1gEaIwBiAEBmAENuAEXyAEM2AEB6AEBiAIBqAIDuALqtpKiBsACAdICJDYyOTQzMjFjLTFhZmEtNDEwZS05ZTA0LTQ4MjdjMzM3YWJjOdgCBeACAQ&sid=fa3edb0416f578ce5595545b175cfea0&aid=304142&ucfs=1&arphpl=1&checkin=2023-04-27&checkout=2023-04-28&dest_id=-390625&dest_type=city&group_adults=2&req_adults=2&no_rooms=2&group_children=0&req_children=0&hpos=24&hapos=24&sr_order=popularity&srpvid=4fc41352794f0158&srepoch=1682217895&all_sr_blocks=170115510_343915460_0_0_0%2C170115510_343915460_0_0_0&highlighted_blocks=170115510_343915460_0_0_0%2C170115510_343915460_0_0_0&matching_block_id=170115510_343915460_0_0_0&sr_pri_blocks=170115510_343915460_0_0_0__3135%2C170115510_343915460_0_0_0__3135&from=searchresults#hotelTmpl"
"Zenit Conde de Orgaz","https://cf.bstatic.com/xdata/images/hotel/square600/271032928.webp?k=fcc2831cb21a6c6767132de764d5b4630890aeb2f014c17a123f5e4d48b789e9&o=&s=1","MAD 1 910","https://www.booking.com/hotel/es/zenitconde.fr.html?label=gen173nr-1BCAEoggI46AdIM1gEaIwBiAEBmAENuAEXyAEM2AEB6AEBiAIBqAIDuALqtpKiBsACAdICJDYyOTQzMjFjLTFhZmEtNDEwZS05ZTA0LTQ4MjdjMzM3YWJjOdgCBeACAQ&sid=fa3edb0416f578ce5595545b175cfea0&aid=304142&ucfs=1&arphpl=1&checkin=2023-04-27&checkout=2023-04-28&dest_id=-390625&dest_type=city&group_adults=2&req_adults=2&no_rooms=2&group_children=0&req_children=0&hpos=25&hapos=25&sr_order=popularity&srpvid=4fc41352794f0158&srepoch=1682217895&all_sr_blocks=9013802_343252603_1_1_0%2C9013802_343252603_1_1_0&highlighted_blocks=9013802_343252603_1_1_0%2C9013802_343252603_1_1_0&matching_block_id=9013802_343252603_1_1_0&sr_pri_blocks=9013802_343252603_1_1_0__11600%2C9013802_343252603_1_1_0__11600&from_sustainable_property_sr=1&from=searchresults#hotelTmpl"